---
title: å­—ç¬¦é›†å’Œæ’åºè§„åˆ™
aliases: ['/docs-cn/dev/character-set-and-collation/','/docs-cn/dev/reference/sql/characterset-and-collation/','/docs-cn/dev/reference/sql/character-set/']
summary: TiDB æ”¯æŒçš„å­—ç¬¦é›†åŒ…æ‹¬ asciiã€binaryã€gbkã€latin1ã€utf8 å’Œ utf8mb4ã€‚æ’åºè§„åˆ™åŒ…æ‹¬ ascii_binã€binaryã€gbk_binã€gbk_chinese_ciã€latin1_binã€utf8_binã€utf8_general_ciã€utf8_unicode_ciã€utf8mb4_0900_ai_ciã€utf8mb4_0900_binã€utf8mb4_binã€utf8mb4_general_ci å’Œ utf8mb4_unicode_ciã€‚TiDB å¼ºçƒˆå»ºè®®ä½¿ç”¨ utf8mb4 å­—ç¬¦é›†ï¼Œå› ä¸ºå®ƒæ”¯æŒæ›´å¤šå­—ç¬¦ã€‚åœ¨ TiDB ä¸­ï¼Œé»˜è®¤çš„æ’åºè§„åˆ™å—åˆ°å®¢æˆ·ç«¯çš„è¿æ¥æ’åºè§„åˆ™è®¾ç½®çš„å½±å“ã€‚å¦‚æœå®¢æˆ·ç«¯ä½¿ç”¨ utf8mb4_0900_ai_ci ä½œä¸ºè¿æ¥æ’åºè§„åˆ™ï¼ŒTiDB å°†éµå¾ªå®¢æˆ·ç«¯çš„é…ç½®ã€‚TiDB è¿˜æ”¯æŒæ–°çš„æ’åºè§„åˆ™æ¡†æ¶ï¼Œç”¨äºåœ¨è¯­ä¹‰ä¸Šæ”¯æŒä¸åŒçš„æ’åºè§„åˆ™ã€‚
---

# å­—ç¬¦é›†å’Œæ’åºè§„åˆ™

æœ¬æ–‡ä»‹ç»äº† TiDB ä¸­æ”¯æŒçš„å­—ç¬¦é›†å’Œæ’åºè§„åˆ™ã€‚

## å­—ç¬¦é›†å’Œæ’åºè§„åˆ™çš„æ¦‚å¿µ

å­—ç¬¦é›† (character set) æ˜¯ç¬¦å·ä¸ç¼–ç çš„é›†åˆã€‚TiDB ä¸­çš„é»˜è®¤å­—ç¬¦é›†æ˜¯ `utf8mb4`ï¼Œä¸ MySQL 8.0 åŠæ›´é«˜ç‰ˆæœ¬ä¸­çš„é»˜è®¤å­—ç¬¦é›†åŒ¹é…ã€‚

æ’åºè§„åˆ™ (collation) æ˜¯åœ¨å­—ç¬¦é›†ä¸­æ¯”è¾ƒå­—ç¬¦ä»¥åŠå­—ç¬¦æ’åºé¡ºåºçš„è§„åˆ™ã€‚ä¾‹å¦‚ï¼Œåœ¨äºŒè¿›åˆ¶æ’åºè§„åˆ™ä¸­ï¼Œæ¯”è¾ƒ `A` å’Œ `a` çš„ç»“æœæ˜¯ä¸ä¸€æ ·çš„ï¼š

```sql
SET NAMES utf8mb4 COLLATE utf8mb4_bin;
SELECT 'A' = 'a';
SET NAMES utf8mb4 COLLATE utf8mb4_general_ci;
SELECT 'A' = 'a';
```

```sql
SELECT 'A' = 'a';
```

```
+-----------+
| 'A' = 'a' |
+-----------+
|         0 |
+-----------+
1 row in set (0.00 sec)
```

```sql
SET NAMES utf8mb4 COLLATE utf8mb4_general_ci;
```

```
Query OK, 0 rows affected (0.00 sec)
```

```sql
SELECT 'A' = 'a';
```

```
+-----------+
| 'A' = 'a' |
+-----------+
|         1 |
+-----------+
1 row in set (0.00 sec)
```

ä»¥ä¸‹ç¤ºä¾‹å±•ç¤ºäº†ä¸åŒ Unicode æ’åºè§„åˆ™å¦‚ä½•æ¯”è¾ƒå¾·è¯­ä¸­çš„ `ÃŸ` å’Œ `ss`ã€‚å¯ä»¥çœ‹åˆ°ï¼Œåªæœ‰è¾ƒä¸ºä¸¥æ ¼çš„ Unicode æ’åºè§„åˆ™ä¼šå°†å®ƒä»¬è§†ä¸ºç­‰ä»·ï¼Œä»è€Œè¿”å› `1`ï¼ˆè¡¨ç¤º TRUEï¼‰ã€‚

```sql
SELECT
  'ss' COLLATE utf8mb4_general_ci = 'ÃŸ',
  'ss' COLLATE utf8mb4_unicode_ci = 'ÃŸ',
  'ss' COLLATE utf8mb4_0900_ai_ci = 'ÃŸ',
  'ss' COLLATE utf8mb4_0900_bin = 'ÃŸ'
\G
```

```
*************************** 1. row ***************************
'ss' COLLATE utf8mb4_general_ci = 'ÃŸ': 0
'ss' COLLATE utf8mb4_unicode_ci = 'ÃŸ': 1
'ss' COLLATE utf8mb4_0900_ai_ci = 'ÃŸ': 1
  'ss' COLLATE utf8mb4_0900_bin = 'ÃŸ': 0
1 row in set (0.01 sec)
```

### å­—ç¬¦é›†å’Œæ’åºè§„åˆ™çš„å‘½å

ä¸€ä¸ªå­—ç¬¦é›†å¯ä»¥æœ‰å¤šç§æ’åºè§„åˆ™ã€‚æ’åºè§„åˆ™çš„å‘½åæ ¼å¼ä¸º `<character_set>_<collation_properties>`ã€‚ä¾‹å¦‚ï¼Œ`utf8mb4` å­—ç¬¦é›†æœ‰ä¸€ä¸ªåä¸º `utf8mb4_bin` çš„æ’åºè§„åˆ™ï¼Œå®ƒæ˜¯ `utf8mb4` å­—ç¬¦é›†çš„äºŒè¿›åˆ¶æ’åºè§„åˆ™ã€‚æ’åºè§„åˆ™åç§°ä¸­å¯ä»¥åŒ…å«å¤šä¸ªå±æ€§ (collation properties)ï¼Œä»¥ `_` è¿›è¡Œåˆ†éš”ã€‚

ä¸‹è¡¨ä»‹ç»äº†å­—ç¬¦é›†å’Œæ’åºè§„åˆ™çš„åç¼€å’Œå«ä¹‰ã€‚

| åç¼€ | å«ä¹‰ |
|---|---|
| `_bin` | äºŒè¿›åˆ¶æ’åºè§„åˆ™ |
| `_ci` | ä¸åŒºåˆ†å¤§å°å†™ |
| `_ai_ci` | ä¸åŒºåˆ†é‡éŸ³å’Œå¤§å°å†™ |
| `_0900_bin` | Unicode UCA 9.0.0ï¼ŒäºŒè¿›åˆ¶æ’åºè§„åˆ™ |
| `_unicode_ci` | ï¼ˆè¾ƒæ—§çš„ï¼‰Unicode UCA æ’åºè§„åˆ™ï¼Œä¸åŒºåˆ†å¤§å°å†™ |
| `_general_ci` | è¾ƒå®½æ¾çš„ Unicode æ’åºè§„åˆ™ï¼Œä¸åŒºåˆ†å¤§å°å†™ |

## æ”¯æŒçš„å­—ç¬¦é›†å’Œæ’åºè§„åˆ™

ç›®å‰ TiDB æ”¯æŒä»¥ä¸‹å­—ç¬¦é›†ï¼š

```sql
SHOW CHARACTER SET;
```

```
+---------+-------------------------------------+-------------------+--------+
| Charset | Description                         | Default collation | Maxlen |
+---------+-------------------------------------+-------------------+--------+
| ascii   | US ASCII                            | ascii_bin         |      1 |
| binary  | binary                              | binary            |      1 |
| gbk     | Chinese Internal Code Specification | gbk_chinese_ci    |      2 |
| latin1  | Latin1                              | latin1_bin        |      1 |
| utf8    | UTF-8 Unicode                       | utf8_bin          |      3 |
| utf8mb4 | UTF-8 Unicode                       | utf8mb4_bin       |      4 |
+---------+-------------------------------------+-------------------+--------+
6 rows in set (0.00 sec)
```

TiDB æ”¯æŒä»¥ä¸‹æ’åºè§„åˆ™ï¼š

```sql
SHOW COLLATION;
```

```
+--------------------+---------+-----+---------+----------+---------+---------------+
| Collation          | Charset | Id  | Default | Compiled | Sortlen | Pad_attribute |
+--------------------+---------+-----+---------+----------+---------+---------------+
| ascii_bin          | ascii   |  65 | Yes     | Yes      |       1 | PAD SPACE     |
| binary             | binary  |  63 | Yes     | Yes      |       1 | NO PAD        |
| gbk_bin            | gbk     |  87 |         | Yes      |       1 | PAD SPACE     |
| gbk_chinese_ci     | gbk     |  28 | Yes     | Yes      |       1 | PAD SPACE     |
| latin1_bin         | latin1  |  47 | Yes     | Yes      |       1 | PAD SPACE     |
| utf8_bin           | utf8    |  83 | Yes     | Yes      |       1 | PAD SPACE     |
| utf8_general_ci    | utf8    |  33 |         | Yes      |       1 | PAD SPACE     |
| utf8_unicode_ci    | utf8    | 192 |         | Yes      |       8 | PAD SPACE     |
| utf8mb4_0900_ai_ci | utf8mb4 | 255 |         | Yes      |       0 | NO PAD        |
| utf8mb4_0900_bin   | utf8mb4 | 309 |         | Yes      |       1 | NO PAD        |
| utf8mb4_bin        | utf8mb4 |  46 | Yes     | Yes      |       1 | PAD SPACE     |
| utf8mb4_general_ci | utf8mb4 |  45 |         | Yes      |       1 | PAD SPACE     |
| utf8mb4_unicode_ci | utf8mb4 | 224 |         | Yes      |       8 | PAD SPACE     |
+--------------------+---------+-----+---------+----------+---------+---------------+
13 rows in set (0.00 sec)
```

> **è­¦å‘Šï¼š**
>
> TiDB ä¼šé”™è¯¯åœ°å°† `latin1` è§†ä¸º `utf8` çš„å­é›†ã€‚å½“ç”¨æˆ·å­˜å‚¨ä¸åŒäº `latin1` å’Œ `utf8` ç¼–ç çš„å­—ç¬¦æ—¶ï¼Œå¯èƒ½ä¼šå¯¼è‡´æ„å¤–æƒ…å†µå‡ºç°ã€‚å› æ­¤å¼ºçƒˆå»ºè®®ä½¿ç”¨ `utf8mb4` å­—ç¬¦é›†ã€‚è¯¦æƒ…å‚é˜… [TiDB #18955](https://github.com/pingcap/tidb/issues/18955)ã€‚

> **æ³¨æ„ï¼š**
>
> TiDB ä¸­çš„é»˜è®¤æ’åºè§„åˆ™ï¼ˆåç¼€ä¸º `_bin` çš„äºŒè¿›åˆ¶æ’åºè§„åˆ™ï¼‰ä¸ [MySQL ä¸­çš„é»˜è®¤æ’åºè§„åˆ™](https://dev.mysql.com/doc/refman/8.0/en/charset-charsets.html)ä¸åŒï¼Œåè€…é€šå¸¸æ˜¯ä¸€èˆ¬æ’åºè§„åˆ™ï¼Œåç¼€ä¸º `_general_ci` æˆ– `_ai_ci`ã€‚å½“ç”¨æˆ·æŒ‡å®šäº†æ˜¾å¼å­—ç¬¦é›†ï¼Œä½†ä¾èµ–äºå¾…é€‰çš„éšå¼é»˜è®¤æ’åºè§„åˆ™æ—¶ï¼Œè¿™ä¸ªå·®å¼‚å¯èƒ½å¯¼è‡´å…¼å®¹æ€§é—®é¢˜ã€‚
> åœ¨ TiDB ä¸­ï¼Œé»˜è®¤çš„æ’åºè§„åˆ™ä¹Ÿå—åˆ°å®¢æˆ·ç«¯çš„[è¿æ¥æ’åºè§„åˆ™](https://dev.mysql.com/doc/refman/8.0/en/charset-connection.html#charset-connection-system-variables)è®¾ç½®çš„å½±å“ã€‚ä¾‹å¦‚ï¼ŒMySQL 8.x å®¢æˆ·ç«¯é»˜è®¤ä½¿ç”¨ `utf8mb4_0900_ai_ci` ä½œä¸º `utf8mb4` å­—ç¬¦é›†çš„è¿æ¥æ’åºè§„åˆ™ã€‚
>
> - åœ¨ TiDB v7.4.0 ä¹‹å‰ï¼Œå¦‚æœå®¢æˆ·ç«¯ä½¿ç”¨ `utf8mb4_0900_ai_ci` ä½œä¸º[è¿æ¥æ’åºè§„åˆ™](https://dev.mysql.com/doc/refman/8.0/en/charset-connection.html#charset-connection-system-variables)ï¼Œå› ä¸º TiDB ä¸æ”¯æŒ `utf8mb4_0900_ai_ci` æ’åºè§„åˆ™ï¼ŒTiDB å°†å›é€€åˆ°ä½¿ç”¨ TiDB æœåŠ¡å™¨é»˜è®¤çš„æ’åºè§„åˆ™ `utf8mb4_bin`ã€‚
> - ä» v7.4.0 å¼€å§‹ï¼Œå¦‚æœå®¢æˆ·ç«¯ä½¿ç”¨ `utf8mb4_0900_ai_ci` ä½œä¸º[è¿æ¥æ’åºè§„åˆ™](https://dev.mysql.com/doc/refman/8.0/en/charset-connection.html#charset-connection-system-variables)ï¼ŒTiDB å°†éµå¾ªå®¢æˆ·ç«¯çš„é…ç½®ï¼Œä½¿ç”¨ `utf8mb4_0900_ai_ci` ä½œä¸ºé»˜è®¤æ’åºè§„åˆ™ã€‚

åˆ©ç”¨ä»¥ä¸‹çš„è¯­å¥å¯ä»¥æŸ¥çœ‹å­—ç¬¦é›†å¯¹åº”çš„æ’åºè§„åˆ™ï¼ˆä»¥ä¸‹æ˜¯[æ–°çš„æ’åºè§„åˆ™æ¡†æ¶](#æ–°æ¡†æ¶ä¸‹çš„æ’åºè§„åˆ™æ”¯æŒ)ï¼‰ä¸‹çš„ç»“æœï¼š

```sql
SHOW COLLATION WHERE Charset = 'utf8mb4';
```

```
+--------------------+---------+-----+---------+----------+---------+---------------+
| Collation          | Charset | Id  | Default | Compiled | Sortlen | Pad_attribute |
+--------------------+---------+-----+---------+----------+---------+---------------+
| utf8mb4_0900_ai_ci | utf8mb4 | 255 |         | Yes      |       0 | NO PAD        |
| utf8mb4_0900_bin   | utf8mb4 | 309 |         | Yes      |       1 | NO PAD        |
| utf8mb4_bin        | utf8mb4 |  46 | Yes     | Yes      |       1 | PAD SPACE     |
| utf8mb4_general_ci | utf8mb4 |  45 |         | Yes      |       1 | PAD SPACE     |
| utf8mb4_unicode_ci | utf8mb4 | 224 |         | Yes      |       8 | PAD SPACE     |
+--------------------+---------+-----+---------+----------+---------+---------------+
5 rows in set (0.001 sec)
```

TiDB å¯¹ GBK å­—ç¬¦é›†çš„æ”¯æŒè¯¦æƒ…è§ [GBK](/character-set-gbk.md)ã€‚

## TiDB ä¸­çš„ `utf8` å’Œ `utf8mb4`

MySQL é™åˆ¶å­—ç¬¦é›† `utf8` ä¸ºæœ€å¤š 3 ä¸ªå­—èŠ‚ã€‚è¿™è¶³ä»¥å­˜å‚¨åœ¨åŸºæœ¬å¤šè¯­è¨€å¹³é¢ (Basic Multilingual Plane, BMP) ä¸­çš„å­—ç¬¦ï¼Œä½†ä¸è¶³ä»¥å­˜å‚¨è¡¨æƒ…ç¬¦å· (emoji) ç­‰å­—ç¬¦ã€‚å¯¹äºæ–°å®‰è£…çš„ç³»ç»Ÿï¼Œå»ºè®®ä½¿ç”¨ `utf8mb4` å­—ç¬¦é›†ï¼Œå¹¶é€æ­¥è¿ç§»åœæ­¢ä½¿ç”¨ `utf8`ã€‚

åœ¨ MySQL å’Œ TiDB ä¸­ï¼Œ`utf8` å’Œ `utf8mb3` æ˜¯åŒä¸€å­—ç¬¦é›†çš„åˆ«åã€‚

é»˜è®¤æƒ…å†µä¸‹ï¼ŒTiDB ä¹Ÿå°† `utf8` å­—ç¬¦é›†é™åˆ¶ä¸ºæœ€å¤š 3 ä¸ªå­—èŠ‚ï¼Œä»¥ç¡®ä¿åœ¨ TiDB ä¸­åˆ›å»ºçš„æ•°æ®ä»èƒ½å®‰å…¨åœ°æ¢å¤åˆ° MySQL ä¸­ã€‚å°½ç®¡ä½ å¯ä»¥é€šè¿‡å°†ç³»ç»Ÿå˜é‡ [`tidb_check_mb4_value_in_utf8`](/system-variables.md#tidb_check_mb4_value_in_utf8) çš„å€¼æ›´æ”¹ä¸º `OFF` æ¥ç¦ç”¨æ­¤é™åˆ¶ï¼Œä½†å»ºè®®ä½¿ç”¨ `utf8mb4` ä»¥è·å¾—å®Œæ•´çš„ Unicode æ”¯æŒå’Œæ›´å¥½çš„å…¼å®¹æ€§ã€‚

ä»¥ä¸‹ç¤ºä¾‹æ¼”ç¤ºäº†åœ¨è¡¨ä¸­æ’å…¥ 4 å­—èŠ‚çš„è¡¨æƒ…ç¬¦å·å­—ç¬¦ï¼ˆemoji å­—ç¬¦ï¼‰æ—¶çš„é»˜è®¤è¡Œä¸ºã€‚`utf8` å­—ç¬¦é›†ä¸‹ `INSERT` è¯­å¥ä¸èƒ½æ‰§è¡Œï¼Œ`utf8mb4` å­—ç¬¦é›†ä¸‹å¯ä»¥æ‰§è¡Œ `INSERT` è¯­å¥ï¼š

```sql
CREATE TABLE utf8_test (
     c char(1) NOT NULL
    ) CHARACTER SET utf8;
```

```
Query OK, 0 rows affected (0.09 sec)
```

```sql
CREATE TABLE utf8m4_test (
     c char(1) NOT NULL
    ) CHARACTER SET utf8mb4;
```

```
Query OK, 0 rows affected (0.09 sec)
```

```sql
INSERT INTO utf8_test VALUES ('ğŸ˜‰');
```

```
ERROR 1366 (HY000): incorrect utf8 value f09f9889(ğŸ˜‰) for column c
```

```sql
INSERT INTO utf8m4_test VALUES ('ğŸ˜‰');
```

```
Query OK, 1 row affected (0.02 sec)
```

```sql
SELECT char_length(c), length(c), c FROM utf8_test;
```

```
Empty set (0.01 sec)
```

```sql
SELECT char_length(c), length(c), c FROM utf8m4_test;
```

```
+----------------+-----------+------+
| char_length(c) | length(c) | c    |
+----------------+-----------+------+
|              1 |         4 | ğŸ˜‰     |
+----------------+-----------+------+
1 row in set (0.00 sec)
```

## ä¸åŒèŒƒå›´çš„å­—ç¬¦é›†å’Œæ’åºè§„åˆ™

å­—ç¬¦é›†å’Œæ’åºè§„åˆ™å¯ä»¥åœ¨è®¾ç½®åœ¨ä¸åŒçš„å±‚æ¬¡ã€‚

### æ•°æ®åº“çš„å­—ç¬¦é›†å’Œæ’åºè§„åˆ™

æ¯ä¸ªæ•°æ®åº“éƒ½æœ‰ç›¸åº”çš„å­—ç¬¦é›†å’Œæ’åºè§„åˆ™ã€‚æ•°æ®åº“çš„å­—ç¬¦é›†å’Œæ’åºè§„åˆ™å¯ä»¥é€šè¿‡ä»¥ä¸‹è¯­å¥æ¥è®¾ç½®ï¼š

```sql
CREATE DATABASE db_name
    [[DEFAULT] CHARACTER SET charset_name]
    [[DEFAULT] COLLATE collation_name]

ALTER DATABASE db_name
    [[DEFAULT] CHARACTER SET charset_name]
    [[DEFAULT] COLLATE collation_name]
```

åœ¨è¿™é‡Œ `DATABASE` å¯ä»¥è·Ÿ `SCHEMA` äº’æ¢ä½¿ç”¨ã€‚

ä¸åŒçš„æ•°æ®åº“ä¹‹é—´å¯ä»¥ä½¿ç”¨ä¸ä¸€æ ·çš„å­—ç¬¦é›†å’Œæ’åºè§„åˆ™ã€‚

é€šè¿‡ç³»ç»Ÿå˜é‡ `character_set_database` å’Œ `collation_database` å¯ä»¥æŸ¥çœ‹åˆ°å½“å‰æ•°æ®åº“çš„å­—ç¬¦é›†ä»¥åŠæ’åºè§„åˆ™ï¼š

```sql
CREATE SCHEMA test1 CHARACTER SET utf8mb4 COLLATE utf8mb4_general_ci;
```

```
Query OK, 0 rows affected (0.09 sec)
```

```sql
USE test1;
```

```sql
Database changed
```

```sql
SELECT @@character_set_database, @@collation_database;
```

```
+--------------------------|----------------------+
| @@character_set_database | @@collation_database |
+--------------------------|----------------------+
| utf8mb4                  | utf8mb4_general_ci   |
+--------------------------|----------------------+
1 row in set (0.00 sec)
```

```sql
CREATE SCHEMA test2 CHARACTER SET latin1 COLLATE latin1_bin;
```

```
Query OK, 0 rows affected (0.09 sec)
```

```sql
USE test2;
```

```
Database changed
```

```sql
SELECT @@character_set_database, @@collation_database;
```

```
+--------------------------|----------------------+
| @@character_set_database | @@collation_database |
+--------------------------|----------------------+
| latin1                   | latin1_bin           |
+--------------------------|----------------------+
1 row in set (0.00 sec)
```

åœ¨ INFORMATION_SCHEMA ä¸­ä¹Ÿå¯ä»¥æŸ¥çœ‹åˆ°è¿™ä¸¤ä¸ªå€¼ï¼š

```sql
SELECT DEFAULT_CHARACTER_SET_NAME, DEFAULT_COLLATION_NAME
FROM INFORMATION_SCHEMA.SCHEMATA WHERE SCHEMA_NAME = 'db_name';
```

### è¡¨çš„å­—ç¬¦é›†å’Œæ’åºè§„åˆ™

è¡¨çš„å­—ç¬¦é›†å’Œæ’åºè§„åˆ™å¯ä»¥é€šè¿‡ä»¥ä¸‹è¯­å¥æ¥è®¾ç½®ï¼š

```sql
CREATE TABLE tbl_name (column_list)
    [[DEFAULT] CHARACTER SET charset_name]
    [COLLATE collation_name]]

ALTER TABLE tbl_name
    [[DEFAULT] CHARACTER SET charset_name]
    [COLLATE collation_name]
```

ä¾‹å¦‚ï¼š

```sql
CREATE TABLE t1(a int) CHARACTER SET utf8mb4 COLLATE utf8mb4_general_ci;
```

```
Query OK, 0 rows affected (0.08 sec)
```

å¦‚æœè¡¨çš„å­—ç¬¦é›†å’Œæ’åºè§„åˆ™æ²¡æœ‰è®¾ç½®ï¼Œé‚£ä¹ˆæ•°æ®åº“çš„å­—ç¬¦é›†å’Œæ’åºè§„åˆ™å°±ä½œä¸ºå…¶é»˜è®¤å€¼ã€‚åœ¨ä»…æŒ‡å®šå­—ç¬¦é›†ä¸º `utf8mb4`ï¼Œä½†æœªè®¾ç½®æ’åºè§„åˆ™æ—¶ï¼Œæ’åºè§„åˆ™ä¸ºå˜é‡ [`default_collation_for_utf8mb4`](/system-variables.md#default_collation_for_utf8mb4-ä»-v740-ç‰ˆæœ¬å¼€å§‹å¼•å…¥) æŒ‡å®šçš„å€¼ã€‚

### åˆ—çš„å­—ç¬¦é›†å’Œæ’åºè§„åˆ™

åˆ—çš„å­—ç¬¦é›†å’Œæ’åºè§„åˆ™çš„è¯­æ³•å¦‚ä¸‹ï¼š

```sql
col_name {CHAR | VARCHAR | TEXT} (col_length)
    [CHARACTER SET charset_name]
    [COLLATE collation_name]

col_name {ENUM | SET} (val_list)
    [CHARACTER SET charset_name]
    [COLLATE collation_name]
```

å¦‚æœåˆ—çš„å­—ç¬¦é›†å’Œæ’åºè§„åˆ™æ²¡æœ‰è®¾ç½®ï¼Œé‚£ä¹ˆè¡¨çš„å­—ç¬¦é›†å’Œæ’åºè§„åˆ™å°±ä½œä¸ºå…¶é»˜è®¤å€¼ã€‚åœ¨ä»…æŒ‡å®šå­—ç¬¦é›†ä¸º `utf8mb4`ï¼Œä½†æœªè®¾ç½®æ’åºè§„åˆ™æ—¶ï¼Œæ’åºè§„åˆ™ä¸ºå˜é‡ [`default_collation_for_utf8mb4`](/system-variables.md#default_collation_for_utf8mb4-ä»-v740-ç‰ˆæœ¬å¼€å§‹å¼•å…¥) æŒ‡å®šçš„å€¼ã€‚

### å­—ç¬¦ä¸²çš„å­—ç¬¦é›†å’Œæ’åºè§„åˆ™

æ¯ä¸€ä¸ªå­—ç¬¦ä¸²éƒ½å¯¹åº”ä¸€ä¸ªå­—ç¬¦é›†å’Œä¸€ä¸ªæ’åºè§„åˆ™ï¼Œåœ¨ä½¿ç”¨å­—ç¬¦ä¸²æ—¶æŒ‡æ­¤é€‰é¡¹å¯é€‰ï¼Œå¦‚ä¸‹ï¼š

```sql
[_charset_name]'string' [COLLATE collation_name]
```

ç¤ºä¾‹å¦‚ä¸‹ï¼š

```sql
SELECT 'string';
SELECT _utf8mb4'string';
SELECT _utf8mb4'string' COLLATE utf8mb4_general_ci;
```

è§„åˆ™å¦‚ä¸‹ï¼š

* è§„åˆ™ 1ï¼šå¦‚æœæŒ‡å®šäº† `CHARACTER SET charset_name` å’Œ `COLLATE collation_name`ï¼Œåˆ™ç›´æ¥ä½¿ç”¨ `charset_name` å­—ç¬¦é›†å’Œ `collation_name` æ’åºè§„åˆ™ã€‚
* è§„åˆ™ 2ï¼šå¦‚æœæŒ‡å®šäº† `CHARACTER SET charset_name` ä¸”æœªæŒ‡å®š `COLLATE collation_name`ï¼Œåˆ™ä½¿ç”¨ `charset_name` å­—ç¬¦é›†å’Œ `charset_name` å¯¹åº”çš„é»˜è®¤æ’åºè§„åˆ™ã€‚
* è§„åˆ™ 3ï¼šå¦‚æœ `CHARACTER SET charset_name` å’Œ `COLLATE collation_name` éƒ½æœªæŒ‡å®šï¼Œåˆ™ä½¿ç”¨ `character_set_connection` å’Œ `collation_connection` ç³»ç»Ÿå˜é‡ç»™å‡ºçš„å­—ç¬¦é›†å’Œæ’åºè§„åˆ™ã€‚

### å®¢æˆ·ç«¯è¿æ¥çš„å­—ç¬¦é›†å’Œæ’åºè§„åˆ™

* æœåŠ¡å™¨çš„å­—ç¬¦é›†å’Œæ’åºè§„åˆ™å¯ä»¥é€šè¿‡ç³»ç»Ÿå˜é‡ `character_set_server` å’Œ `collation_server` è·å–ã€‚
* æ•°æ®åº“çš„å­—ç¬¦é›†å’Œæ’åºè§„åˆ™å¯ä»¥é€šè¿‡ç¯å¢ƒå˜é‡ `character_set_database` å’Œ `collation_database` è·å–ã€‚

å¯¹äºæ¯ä¸€ä¸ªå®¢æˆ·ç«¯çš„è¿æ¥ï¼Œä¹Ÿæœ‰ç›¸åº”çš„å˜é‡è¡¨ç¤ºå­—ç¬¦é›†å’Œæ’åºè§„åˆ™ï¼š`character_set_connection` å’Œ `collation_connection`ã€‚

`character_set_client` ä»£è¡¨å®¢æˆ·ç«¯çš„å­—ç¬¦é›†ã€‚åœ¨è¿”å›ç»“æœå‰ï¼ŒæœåŠ¡ç«¯ä¼šæŠŠç»“æœæ ¹æ® `character_set_results` è½¬æ¢æˆå¯¹åº”çš„å­—ç¬¦é›†ï¼ŒåŒ…æ‹¬ç»“æœçš„å…ƒä¿¡æ¯ç­‰ã€‚

å¯ä»¥ç”¨ä»¥ä¸‹çš„è¯­å¥æ¥å½±å“è¿™äº›è·Ÿå®¢æˆ·ç«¯ç›¸å…³çš„å­—ç¬¦é›†å˜é‡ï¼š

* `SET NAMES 'charset_name' [COLLATE 'collation_name']`

    `SET NAMES` ç”¨æ¥è®¾å®šå®¢æˆ·ç«¯ä¼šåœ¨ä¹‹åçš„è¯·æ±‚ä¸­ä½¿ç”¨çš„å­—ç¬¦é›†ã€‚`SET NAMES utf8mb4` è¡¨ç¤ºå®¢æˆ·ç«¯ä¼šåœ¨æ¥ä¸‹æ¥çš„è¯·æ±‚ä¸­ï¼Œéƒ½ä½¿ç”¨ utf8mb4 å­—ç¬¦é›†ã€‚æœåŠ¡ç«¯ä¹Ÿä¼šåœ¨ä¹‹åè¿”å›ç»“æœçš„æ—¶å€™ä½¿ç”¨ utf8mb4 å­—ç¬¦é›†ã€‚`SET NAMES 'charset_name'` è¯­å¥å…¶å®ç­‰äºä¸‹é¢è¯­å¥çš„ç»„åˆï¼š

    ```sql
    SET character_set_client = charset_name;
    SET character_set_results = charset_name;
    SET character_set_connection = charset_name;
    ```

    `COLLATE` æ˜¯å¯é€‰çš„ï¼Œå¦‚æœæ²¡æœ‰æä¾›ï¼Œå°†ä¼šç”¨ `charset_name` å¯¹åº”çš„é»˜è®¤æ’åºè§„åˆ™è®¾ç½® `collation_connection`ã€‚

* `SET CHARACTER SET 'charset_name'`

    è·Ÿ `SET NAMES` ç±»ä¼¼ï¼Œç­‰ä»·äºä¸‹é¢è¯­å¥çš„ç»„åˆï¼š

    ```sql
    SET character_set_client = charset_name;
    SET character_set_results = charset_name;
    SET character_set_connection=@@character_set_database;
    SET collation_connection = @@collation_database;
    ```

## æœåŠ¡å™¨ã€æ•°æ®åº“ã€è¡¨ã€åˆ—ã€å­—ç¬¦ä¸²çš„å­—ç¬¦é›†å’Œæ’åºè§„åˆ™çš„ä¼˜å…ˆçº§

ä¼˜å…ˆçº§ä»é«˜åˆ°ä½æ’åˆ—é¡ºåºä¸ºï¼š

å­—ç¬¦ä¸² > åˆ— > è¡¨ > æ•°æ®åº“ > æœåŠ¡å™¨

## å­—ç¬¦é›†å’Œæ’åºè§„åˆ™çš„é€šç”¨é€‰æ‹©è§„åˆ™

* è§„åˆ™ 1ï¼šå¦‚æœæŒ‡å®šäº† `CHARACTER SET charset_name` å’Œ `COLLATE collation_name`ï¼Œåˆ™ç›´æ¥ä½¿ç”¨ `charset_name` å­—ç¬¦é›†å’Œ `collation_name` æ’åºè§„åˆ™ã€‚
* è§„åˆ™ 2ï¼šå¦‚æœæŒ‡å®šäº† `CHARACTER SET charset_name` ä¸”æœªæŒ‡å®š `COLLATE collation_name`ï¼Œåˆ™ä½¿ç”¨ `charset_name` å­—ç¬¦é›†å’Œ `charset_name` å¯¹åº”çš„é»˜è®¤æ’åºè§„åˆ™ã€‚
* è§„åˆ™ 3ï¼šå¦‚æœ `CHARACTER SET charset_name` å’Œ `COLLATE collation_name` éƒ½æœªæŒ‡å®šï¼Œåˆ™ä½¿ç”¨æ›´é«˜ä¼˜å…ˆçº§çš„å­—ç¬¦é›†å’Œæ’åºè§„åˆ™ã€‚

## å­—ç¬¦åˆæ³•æ€§æ£€æŸ¥

å½“æŒ‡å®šçš„å­—ç¬¦é›†ä¸º utf8 æˆ– utf8mb4 æ—¶ï¼ŒTiDB ä»…æ”¯æŒåˆæ³•çš„ utf8 å­—ç¬¦ã€‚å¯¹äºä¸åˆæ³•çš„å­—ç¬¦ï¼Œä¼šæŠ¥é”™ï¼š`incorrect utf8 value`ã€‚è¯¥å­—ç¬¦åˆæ³•æ€§æ£€æŸ¥ä¸ MySQL 8.0 å…¼å®¹ï¼Œä¸ MySQL 5.7 åŠä»¥ä¸‹ç‰ˆæœ¬ä¸å…¼å®¹ã€‚

å¦‚æœä¸å¸Œæœ›æŠ¥é”™ï¼Œå¯ä»¥é€šè¿‡ `set @@tidb_skip_utf8_check=1;` è·³è¿‡å­—ç¬¦æ£€æŸ¥ã€‚

> **æ³¨æ„ï¼š**
>
> è·³è¿‡å­—ç¬¦æ£€æŸ¥å¯èƒ½ä¼šä½¿ TiDB æ£€æµ‹ä¸åˆ°åº”ç”¨å†™å…¥çš„éæ³• UTF-8 å­—ç¬¦ï¼Œè¿›ä¸€æ­¥å¯¼è‡´æ‰§è¡Œ `ANALYZE` æ—¶è§£ç é”™è¯¯ï¼Œä»¥åŠå¼•å…¥å…¶ä»–æœªçŸ¥çš„ç¼–ç é—®é¢˜ã€‚å¦‚æœåº”ç”¨ä¸èƒ½ä¿è¯å†™å…¥å­—ç¬¦ä¸²çš„åˆæ³•æ€§ï¼Œä¸å»ºè®®è·³è¿‡è¯¥æ£€æŸ¥ã€‚

## æ’åºè§„åˆ™æ”¯æŒ

æ’åºè§„åˆ™çš„è¯­æ³•æ”¯æŒå’Œè¯­ä¹‰æ”¯æŒå—åˆ°é…ç½®é¡¹ [`new_collations_enabled_on_first_bootstrap`](/tidb-configuration-file.md#new_collations_enabled_on_first_bootstrap) çš„å½±å“ã€‚è¿™é‡Œè¯­æ³•æ”¯æŒå’Œè¯­ä¹‰æ”¯æŒæœ‰æ‰€åŒºåˆ«ã€‚è¯­æ³•æ”¯æŒæ˜¯æŒ‡ TiDB èƒ½å¤Ÿè§£æå’Œè®¾ç½®æ’åºè§„åˆ™ï¼›è€Œè¯­ä¹‰æ”¯æŒæ˜¯æŒ‡ TiDB èƒ½å¤Ÿåœ¨æ¯”è¾ƒå­—ç¬¦ä¸²æ—¶æ­£ç¡®åœ°ä½¿ç”¨æ’åºè§„åˆ™ã€‚

åœ¨ 4.0 ç‰ˆæœ¬ä¹‹å‰ï¼ŒTiDB åªæä¾›äº†æ—§çš„æ’åºè§„åˆ™æ¡†æ¶ï¼Œèƒ½å¤Ÿåœ¨è¯­æ³•ä¸Šæ”¯æŒçš„ç»å¤§éƒ¨åˆ† MySQL æ’åºè§„åˆ™ï¼Œä½†è¯­ä¹‰ä¸Šæ‰€æœ‰çš„æ’åºè§„åˆ™éƒ½å½“æˆäºŒè¿›åˆ¶æ’åºè§„åˆ™ã€‚

4.0 ç‰ˆæœ¬ä¸­ï¼ŒTiDB å¢åŠ äº†æ–°çš„æ’åºè§„åˆ™æ¡†æ¶ç”¨äºåœ¨è¯­ä¹‰ä¸Šæ”¯æŒä¸åŒçš„æ’åºè§„åˆ™ï¼Œä¿è¯å­—ç¬¦ä¸²æ¯”è¾ƒæ—¶ä¸¥æ ¼éµå¾ªå¯¹åº”çš„æ’åºè§„åˆ™ï¼Œè¯¦æƒ…è¯·è§ä¸‹æ–‡ã€‚

### æ—§æ¡†æ¶ä¸‹çš„æ’åºè§„åˆ™æ”¯æŒ

åœ¨ 4.0 ç‰ˆæœ¬ä¹‹å‰ï¼ŒTiDB ä¸­å¯ä»¥æŒ‡å®šå¤§éƒ¨åˆ† MySQL ä¸­çš„æ’åºè§„åˆ™ï¼Œå¹¶æŠŠè¿™äº›æ’åºè§„åˆ™æŒ‰ç…§é»˜è®¤æ’åºè§„åˆ™å¤„ç†ï¼Œå³ä»¥ç¼–ç å­—èŠ‚åºä¸ºå­—ç¬¦å®šåºã€‚å’Œ MySQL ä¸åŒçš„æ˜¯ï¼ŒTiDB ä¸ä¼šå¤„ç†å­—ç¬¦æœ«å°¾çš„ç©ºæ ¼ï¼Œå› æ­¤ä¼šé€ æˆä»¥ä¸‹çš„è¡Œä¸ºåŒºåˆ«ï¼š

```sql
CREATE TABLE t(a varchar(20) charset utf8mb4 collate utf8mb4_general_ci PRIMARY KEY);
```

```
Query OK, 0 rows affected
```

```sql
INSERT INTO t VALUES ('A');
```

```
Query OK, 1 row affected
```

```sql
INSERT INTO t VALUES ('a');
```

```
Query OK, 1 row affected
```

ä»¥ä¸Šè¯­å¥ï¼Œåœ¨ TiDB ä¼šæ‰§è¡ŒæˆåŠŸï¼Œè€Œåœ¨ MySQL ä¸­ï¼Œç”±äº `utf8mb4_general_ci` å¤§å°å†™ä¸æ•æ„Ÿï¼ŒæŠ¥é”™ `Duplicate entry 'a'`ã€‚

```sql
INSERT INTO t VALUES ('a ');
```

```
Query OK, 1 row affected
```

ä»¥ä¸Šè¯­å¥ï¼Œåœ¨ TiDB ä¼šæ‰§è¡ŒæˆåŠŸï¼Œè€Œåœ¨ MySQL ä¸­ï¼Œç”±äºè¡¥é½ç©ºæ ¼æ¯”è¾ƒï¼ŒæŠ¥é”™ `Duplicate entry 'a '`ã€‚

### æ–°æ¡†æ¶ä¸‹çš„æ’åºè§„åˆ™æ”¯æŒ

TiDB 4.0 æ–°å¢äº†å®Œæ•´çš„æ’åºè§„åˆ™æ”¯æŒæ¡†æ¶ï¼Œä»è¯­ä¹‰ä¸Šæ”¯æŒäº†æ’åºè§„åˆ™ï¼Œå¹¶æ–°å¢äº†é…ç½®å¼€å…³ `new_collations_enabled_on_first_bootstrap`ï¼Œåœ¨é›†ç¾¤åˆæ¬¡åˆå§‹åŒ–æ—¶å†³å®šæ˜¯å¦å¯ç”¨æ–°æ’åºè§„åˆ™æ¡†æ¶ã€‚å¦‚éœ€å¯ç”¨æ–°æ’åºè§„åˆ™æ¡†æ¶ï¼Œå¯å°† `new_collations_enabled_on_first_bootstrap` çš„å€¼è®¾ä¸º `true`ï¼Œè¯¦æƒ…å‚è§ [`new_collations_enabled_on_first_bootstrap`](/tidb-configuration-file.md#new_collations_enabled_on_first_bootstrap)ã€‚

å¯¹äºä¸€ä¸ªå·²ç»åˆå§‹åŒ–å®Œæˆçš„ TiDB é›†ç¾¤ï¼Œå¯ä»¥é€šè¿‡ `mysql.tidb` è¡¨ä¸­çš„ `new_collation_enabled` å˜é‡ç¡®è®¤æ˜¯å¦å¯ç”¨äº†æ–°æ’åºè§„åˆ™æ¡†æ¶ã€‚

> **æ³¨æ„ï¼š**
>
> å½“ `mysql.tidb` è¡¨æŸ¥è¯¢ç»“æœå’Œ `new_collations_enabled_on_first_bootstrap` çš„å€¼ä¸åŒæ—¶ï¼Œä»¥ `mysql.tidb` è¡¨çš„ç»“æœä¸ºå‡†ã€‚

```sql
SELECT VARIABLE_VALUE FROM mysql.tidb WHERE VARIABLE_NAME='new_collation_enabled';
```

```
+----------------+
| VARIABLE_VALUE |
+----------------+
| True           |
+----------------+
1 row in set (0.00 sec)
```

åœ¨æ–°çš„æ’åºè§„åˆ™æ¡†æ¶ä¸‹ï¼ŒTiDB èƒ½å¤Ÿæ”¯æŒ `utf8_general_ci`ã€`utf8mb4_general_ci`ã€`utf8_unicode_ci`ã€`utf8mb4_unicode_ci`ã€`utf8mb4_0900_bin`ã€`utf8mb4_0900_ai_ci`ã€`gbk_chinese_ci` å’Œ `gbk_bin` è¿™å‡ ç§æ’åºè§„åˆ™ï¼Œä¸ MySQL å…¼å®¹ã€‚

ä½¿ç”¨ `utf8_general_ci`ã€`utf8mb4_general_ci`ã€`utf8_unicode_ci`ã€`utf8mb4_unicode_ci`ã€`utf8mb4_0900_ai_ci` å’Œ `gbk_chinese_ci` ä¸­ä»»ä¸€ç§æ—¶ï¼Œå­—ç¬¦ä¸²ä¹‹é—´çš„æ¯”è¾ƒæ˜¯å¤§å°å†™ä¸æ•æ„Ÿ (case-insensitive) å’Œå£éŸ³ä¸æ•æ„Ÿ (accent-insensitive) çš„ã€‚åŒæ—¶ï¼ŒTiDB è¿˜ä¿®æ­£äº†æ’åºè§„åˆ™çš„ `PADDING` è¡Œä¸ºï¼š

```sql
CREATE TABLE t(a varchar(20) charset utf8mb4 collate utf8mb4_general_ci PRIMARY KEY);
```

```
Query OK, 0 rows affected (0.00 sec)
```

```sql
INSERT INTO t VALUES ('A');
```

```
Query OK, 1 row affected (0.00 sec)
```

```sql
INSERT INTO t VALUES ('a');
```

```
ERROR 1062 (23000): Duplicate entry 'a' for key 't.PRIMARY'
```

TiDB å…¼å®¹äº† MySQL çš„ case insensitive collationã€‚

```sql
INSERT INTO t VALUES ('a ');
```

```
ERROR 1062 (23000): Duplicate entry 'a ' for key 't.PRIMARY'
```

TiDB ä¿®æ­£äº† `PADDING` è¡Œä¸ºï¼Œä¸ MySQL å…¼å®¹ã€‚

> **æ³¨æ„ï¼š**
>
> TiDB ä¸­ padding çš„å®ç°æ–¹å¼ä¸ MySQL çš„ä¸åŒã€‚åœ¨ MySQL ä¸­ï¼Œpadding æ˜¯é€šè¿‡è¡¥é½ç©ºæ ¼å®ç°çš„ã€‚è€Œåœ¨ TiDB ä¸­ padding æ˜¯é€šè¿‡è£å‰ªæ‰æœ«å°¾çš„ç©ºæ ¼æ¥å®ç°çš„ã€‚ä¸¤ç§åšæ³•åœ¨ç»å¤§å¤šæ•°æƒ…å†µä¸‹æ˜¯ä¸€è‡´çš„ï¼Œå”¯ä¸€çš„ä¾‹å¤–æ˜¯å­—ç¬¦ä¸²å°¾éƒ¨åŒ…å«å°äºç©ºæ ¼ (0x20) çš„å­—ç¬¦æ—¶ï¼Œä¾‹å¦‚ `'a' < 'a\t'` åœ¨ TiDB ä¸­çš„ç»“æœä¸º `1`ï¼Œè€Œåœ¨ MySQL ä¸­ï¼Œå…¶ç­‰ä»·äº `'a ' < 'a\t'`ï¼Œç»“æœä¸º `0`ã€‚

## è¡¨è¾¾å¼ä¸­æ’åºè§„åˆ™çš„ Coercibility å€¼

å¦‚æœä¸€ä¸ªè¡¨è¾¾å¼æ¶‰åŠå¤šä¸ªä¸åŒæ’åºè§„åˆ™çš„å­è¡¨è¾¾å¼æ—¶ï¼Œéœ€è¦å¯¹è®¡ç®—æ—¶ç”¨çš„æ’åºè§„åˆ™è¿›è¡Œæ¨æ–­ï¼Œè§„åˆ™å¦‚ä¸‹ï¼š

+ æ˜¾å¼ `COLLATE` å­å¥çš„ coercibility å€¼ä¸º `0`ã€‚
+ å¦‚æœä¸¤ä¸ªå­—ç¬¦ä¸²çš„æ’åºè§„åˆ™ä¸å…¼å®¹ï¼Œè¿™ä¸¤ä¸ªå­—ç¬¦ä¸² `concat` ç»“æœçš„ coercibility å€¼ä¸º `1`ã€‚
+ åˆ—æˆ–è€… `CAST()`ã€`CONVERT()` å’Œ `BINARY()` çš„æ’åºè§„åˆ™çš„ coercibility å€¼ä¸º `2`ã€‚
+ ç³»ç»Ÿå¸¸é‡ï¼ˆ`USER()` æˆ–è€… `VERSION()` è¿”å›çš„å­—ç¬¦ä¸²ï¼‰çš„ coercibility å€¼ä¸º `3`ã€‚
+ å¸¸é‡çš„ coercibility å€¼ä¸º `4`ã€‚
+ æ•°å­—æˆ–è€…ä¸­é—´å˜é‡çš„ coercibility å€¼ä¸º `5`ã€‚
+ `NULL` æˆ–è€…ç”± `NULL` æ´¾ç”Ÿå‡ºçš„è¡¨è¾¾å¼çš„ coercibility å€¼ä¸º `6`ã€‚

åœ¨æ¨æ–­æ’åºè§„åˆ™æ—¶ï¼ŒTiDB ä¼˜å…ˆä½¿ç”¨ coercibility å€¼è¾ƒä½çš„è¡¨è¾¾å¼çš„æ’åºè§„åˆ™ã€‚å¦‚æœ coercibility å€¼ç›¸åŒï¼Œåˆ™æŒ‰ä»¥ä¸‹ä¼˜å…ˆçº§ç¡®å®šæ’åºè§„åˆ™ï¼š

binary > utf8mb4_bin > (utf8mb4_general_ci = utf8mb4_unicode_ci) > utf8_bin > (utf8_general_ci = utf8_unicode_ci) > latin1_bin > ascii_bin

ä»¥ä¸‹æƒ…å†µ TiDB æ— æ³•æ¨æ–­æ’åºè§„åˆ™å¹¶æŠ¥é”™ï¼š

- å¦‚æœä¸¤ä¸ªå­è¡¨è¾¾å¼çš„æ’åºè§„åˆ™ä¸ç›¸åŒï¼Œè€Œä¸”è¡¨è¾¾å¼çš„ coercibility å€¼éƒ½ä¸º `0`ã€‚
- å¦‚æœä¸¤ä¸ªå­è¡¨è¾¾å¼çš„æ’åºè§„åˆ™ä¸å…¼å®¹ï¼Œè€Œä¸”è¡¨è¾¾å¼çš„è¿”å›ç±»å‹ä¸º `String` ç±»ã€‚

## `COLLATE` å­å¥

TiDB æ”¯æŒä½¿ç”¨ `COLLATE` å­å¥æ¥æŒ‡å®šä¸€ä¸ªè¡¨è¾¾å¼çš„æ’åºè§„åˆ™ï¼Œè¯¥è¡¨è¾¾å¼çš„ coercibility å€¼ä¸º `0`ï¼Œå…·æœ‰æœ€é«˜çš„ä¼˜å…ˆçº§ã€‚ç¤ºä¾‹å¦‚ä¸‹ï¼š

```sql
SELECT 'a' = _utf8mb4 'A' collate utf8mb4_general_ci;
```

```
+-----------------------------------------------+
| 'a' = _utf8mb4 'A' collate utf8mb4_general_ci |
+-----------------------------------------------+
|                                             1 |
+-----------------------------------------------+
1 row in set (0.00 sec)
```

æ›´å¤šç»†èŠ‚ï¼Œå‚è€ƒ [Connection Character Sets and Collations](https://dev.mysql.com/doc/refman/8.0/en/charset-connection.html)ã€‚
