---
title: 分区表
category: reference
---

# 分区表

本文介绍 TiDB 的分区表。

## 分区类型

本节介绍在 TiDB 中的分区类型。当前支持的类型包括 Range 分区和 Hash 分区。Range 分区可以用于解决业务中大量删除带来的性能问题，支持快速删除分区。Hash 分区则可以用于大量写入场景下的数据打散。

### Range 分区

一个表按 range 分区是指，对于表的每个分区中包含的所有行，按分区表达式计算的值都落在给定的范围内。Range 必须是连续的，并且不能有重叠，通过使用 `VALUES LESS THAN` 操作进行定义。

下列场景中，假设你要创建一个人事记录的表：

{{< copyable "sql" >}}

```sql
CREATE TABLE employees (
    id INT NOT NULL,
    fname VARCHAR(30),
    lname VARCHAR(30),
    hired DATE NOT NULL DEFAULT '1970-01-01',
    separated DATE NOT NULL DEFAULT '9999-12-31',
    job_code INT NOT NULL,
    store_id INT NOT NULL
);
```

你可以根据需求按各种方式进行 range 分区。其中一种方式是按 `store_id` 列进行分区。你可以这样做：

{{< copyable "sql" >}}

```sql
CREATE TABLE employees (
    id INT NOT NULL,
    fname VARCHAR(30),
    lname VARCHAR(30),
    hired DATE NOT NULL DEFAULT '1970-01-01',
    separated DATE NOT NULL DEFAULT '9999-12-31',
    job_code INT NOT NULL,
    store_id INT NOT NULL
)

PARTITION BY RANGE (store_id) (
    PARTITION p0 VALUES LESS THAN (6),
    PARTITION p1 VALUES LESS THAN (11),
    PARTITION p2 VALUES LESS THAN (16),
    PARTITION p3 VALUES LESS THAN (21)
);
```

在这个分区模式中，所有 `store_id` 为 1 到 5 的员工，都存储在分区 `p0` 里面，`store_id` 为 6 到 10 的员工则存储在分区 `p1` 里面。range 分区要求，分区的定义必须是有序的，按从小到大递增。

新插入一行数据 `(72, 'Mitchell', 'Wilson', '1998-06-25', NULL, 13)` 将会落到分区 `p2` 里面。但如果你插入一条 `store_id` 大于 20 的记录，则会报错，因为 TiDB 无法知晓应该将它插入到哪个分区。这种情况下，可以在建表时使用最大值：

{{< copyable "sql" >}}

```sql
CREATE TABLE employees (
    id INT NOT NULL,
    fname VARCHAR(30),
    lname VARCHAR(30),
    hired DATE NOT NULL DEFAULT '1970-01-01',
    separated DATE NOT NULL DEFAULT '9999-12-31',
    job_code INT NOT NULL,
    store_id INT NOT NULL
)

PARTITION BY RANGE (store_id) (
    PARTITION p0 VALUES LESS THAN (6),
    PARTITION p1 VALUES LESS THAN (11),
    PARTITION p2 VALUES LESS THAN (16),
    PARTITION p3 VALUES LESS THAN MAXVALUE
);
```

`MAXVALUE` 表示一个比所有整数都大的整数。现在，所有 `store_id` 列大于等于 16 的记录都会存储在 `p3` 分区中。

你也可以按员工的职位编号进行分区，也就是使用 `job_code` 列的值进行分区。假设两位数字编号是用于普通员工，三位数字编号是用于办公室以及客户支持，四位数字编号是管理层职位，那么你可以这样建表：

{{< copyable "sql" >}}

```sql
CREATE TABLE employees (
    id INT NOT NULL,
    fname VARCHAR(30),
    lname VARCHAR(30),
    hired DATE NOT NULL DEFAULT '1970-01-01',
    separated DATE NOT NULL DEFAULT '9999-12-31',
    job_code INT NOT NULL,
    store_id INT NOT NULL
)

PARTITION BY RANGE (job_code) (
    PARTITION p0 VALUES LESS THAN (100),
    PARTITION p1 VALUES LESS THAN (1000),
    PARTITION p2 VALUES LESS THAN (10000)
);
```

在这个例子中，所有普通员工存储在 `p0` 分区，办公室以及支持人员在 `p1` 分区，管理者在 `p2` 分区。

除了可以按 `store_id` 切分，你还可以按日期切分。例如，假设按员工离职的年份进行分区：

{{< copyable "sql" >}}

```sql
CREATE TABLE employees (
    id INT NOT NULL,
    fname VARCHAR(30),
    lname VARCHAR(30),
    hired DATE NOT NULL DEFAULT '1970-01-01',
    separated DATE NOT NULL DEFAULT '9999-12-31',
    job_code INT,
    store_id INT
)

PARTITION BY RANGE ( YEAR(separated) ) (
    PARTITION p0 VALUES LESS THAN (1991),
    PARTITION p1 VALUES LESS THAN (1996),
    PARTITION p2 VALUES LESS THAN (2001),
    PARTITION p3 VALUES LESS THAN MAXVALUE
);
```

在 range 分区中，可以基于 `timestamp` 列的值分区，并使用 `unix_timestamp()` 函数，例如：

{{< copyable "sql" >}}

```sql
CREATE TABLE quarterly_report_status (
    report_id INT NOT NULL,
    report_status VARCHAR(20) NOT NULL,
    report_updated TIMESTAMP NOT NULL DEFAULT CURRENT_TIMESTAMP ON UPDATE CURRENT_TIMESTAMP
)

PARTITION BY RANGE ( UNIX_TIMESTAMP(report_updated) ) (
    PARTITION p0 VALUES LESS THAN ( UNIX_TIMESTAMP('2008-01-01 00:00:00') ),
    PARTITION p1 VALUES LESS THAN ( UNIX_TIMESTAMP('2008-04-01 00:00:00') ),
    PARTITION p2 VALUES LESS THAN ( UNIX_TIMESTAMP('2008-07-01 00:00:00') ),
    PARTITION p3 VALUES LESS THAN ( UNIX_TIMESTAMP('2008-10-01 00:00:00') ),
    PARTITION p4 VALUES LESS THAN ( UNIX_TIMESTAMP('2009-01-01 00:00:00') ),
    PARTITION p5 VALUES LESS THAN ( UNIX_TIMESTAMP('2009-04-01 00:00:00') ),
    PARTITION p6 VALUES LESS THAN ( UNIX_TIMESTAMP('2009-07-01 00:00:00') ),
    PARTITION p7 VALUES LESS THAN ( UNIX_TIMESTAMP('2009-10-01 00:00:00') ),
    PARTITION p8 VALUES LESS THAN ( UNIX_TIMESTAMP('2010-01-01 00:00:00') ),
    PARTITION p9 VALUES LESS THAN (MAXVALUE)
);
```

对于 timestamp 值，使用其它的分区表达式是不允许的。

Range 分区在下列条件之一或者多个都满足时，尤其有效：

* 删除旧数据。如果你使用之前的 `employees` 表的例子，你可以简单使用 `ALTER TABLE employees DROP PARTITION p0;` 删除所有在 1991 年以前停止继续在这家公司工作的员工记录。这会比使用 `DELETE FROM employees WHERE YEAR(separated) <= 1990;` 执行快得多。
* 使用包含时间或者日期的列，或者是其它按序生成的数据。
* 频繁查询分区使用的列。例如执行这样的查询 `EXPLAIN SELECT COUNT(*) FROM employees WHERE separated BETWEEN '2000-01-01' AND '2000-12-31' GROUP BY store_id;` 时，TiDB 可以迅速确定，只需要扫描 `p2` 分区的数据，因为其它的分区不满足 `where` 条件。

### Hash 分区

Hash 分区主要用于保证数据均匀地分散到一定数量的分区里面。在 range 分区中你必须为每个分区指定值的范围；在 hash 分区中，你只需要指定分区的数量。

使用 hash 分区时，需要在 `CREATE TABLE` 后面添加 `PARTITION BY HASH (expr)`，其中 `expr` 是一个返回整数的表达式。当这一列的类型是整数类型时，它可以是一个列名。此外，你很可能还需要加上 `PARTITIONS num`，其中 `num` 是一个正整数，表示将表划分多少分区。

下面的语句将创建一个 hash 分区表，按 `store_id` 分成 4 个分区：

{{< copyable "sql" >}}

```sql
CREATE TABLE employees (
    id INT NOT NULL,
    fname VARCHAR(30),
    lname VARCHAR(30),
    hired DATE NOT NULL DEFAULT '1970-01-01',
    separated DATE NOT NULL DEFAULT '9999-12-31',
    job_code INT,
    store_id INT
)

PARTITION BY HASH(store_id)
PARTITIONS 4;
```

如果不指定 `PARTITIONS num`，默认的分区数量为 1。

你也可以使用一个返回整数的 SQL 表达式。例如，你可以按入职年份分区：

{{< copyable "sql" >}}

```sql
CREATE TABLE employees (
    id INT NOT NULL,
    fname VARCHAR(30),
    lname VARCHAR(30),
    hired DATE NOT NULL DEFAULT '1970-01-01',
    separated DATE NOT NULL DEFAULT '9999-12-31',
    job_code INT,
    store_id INT
)

PARTITION BY HASH( YEAR(hired) )
PARTITIONS 4;
```

最高效的 hash 函数是作用在单列上，并且函数的单调性是跟列的值是一样递增或者递减的，因为这种情况可以像 range 分区一样裁剪。

例如，`date_col` 是类型为 `DATE` 的列，表达式 `TO_DAYS(date_col)` 的值是直接随 `date_col` 的值变化的。`YEAR(date_col)` 跟 `TO_DAYS(date_col)` 就不太一样，因为不是每次 `date_col` 变化时 `YEAR(date_col)` 都会得到不同的值。即使如此，`YEAR(date_col)` 也仍然是一个比较好的 hash 函数，因为它的结果是随着 `date_col` 的值的比例变化的。

作为对比，假设我们有一个类型是 INT 的 `int_col` 的列。考虑一下表达式 `POW(5-int_col,3) + 6`，这并不是一个比较好的 hash 函数，因为随着 `int_col` 的值的变化，表达式的结果不会成比例地变化。改变 `int_col` 的值会使表达式的结果的值变化巨大。例如，`int_col` 从 5 变到 6 表达式的结果变化是 -1，但是从 6 变到 7 的时候表达式的值的变化是 -7。

总而言之，表达式越接近 `y = cx` 的形式，它越是适合作为 hash 函数。因为表达式越是非线性的，在各个分区上面的数据的分布越是倾向于不均匀。

理论上，hash 分区也是可以做分区裁剪的。而实际上对于多列的情况，实现很难并且计算很耗时。因此，不推荐 hash 分区在表达式中涉及多列。

使用 `PARTITIION BY HASH` 的时候，TiDB 通过表达式的结果做“取余”运算，决定数据落在哪个分区。换句话说，如果分区表达式是 `expr`，分区数是 `num`，则由 `MOD(expr, num)` 决定存储的分区。假设 `t1` 定义如下：

{{< copyable "sql" >}}

```sql
CREATE TABLE t1 (col1 INT, col2 CHAR(5), col3 DATE)
    PARTITION BY HASH( YEAR(col3) )
    PARTITIONS 4;
```

向 `t1` 插入一行数据，其中 `col3` 列的值是 '2005-09-15'，这条数据会被插入到分区 1 中：

```
MOD(YEAR('2005-09-01'),4)
=  MOD(2005,4)
=  1
```

### 分区对 NULL 值的处理

TiDB 允许计算结果为 NULL 的分区表达式。注意，NULL 不是一个整数类型，NULL 小于所有的整数类型值，正如 `ORDER BY` 的规则一样。

#### Range 分区对 NULL 的处理

如果插入一行到 range 分区表，它的分区列的计算结果是 NULL，那么这一行会被插入到最小的那个分区。

{{< copyable "sql" >}}

```sql
CREATE TABLE t1 (
    c1 INT,
    c2 VARCHAR(20)
)

PARTITION BY RANGE(c1) (
    PARTITION p0 VALUES LESS THAN (0),
    PARTITION p1 VALUES LESS THAN (10),
    PARTITION p2 VALUES LESS THAN MAXVALUE
);
```

```
Query OK, 0 rows affected (0.09 sec)
```

{{< copyable "sql" >}}

```sql
select * from t1 partition(p0);
```

```
+------|--------+
| c1   | c2     |
+------|--------+
| NULL | mothra |
+------|--------+
1 row in set (0.00 sec)
```

{{< copyable "sql" >}}

```sql
select * from t1 partition(p1);
```

```
Empty set (0.00 sec)
```

{{< copyable "sql" >}}

```sql
select * from t1 partition(p2);
```

```
Empty set (0.00 sec)
```

删除 `p0` 后验证：

{{< copyable "sql" >}}

```sql
alter table t1 drop partition p0;
```

```
Query OK, 0 rows affected (0.08 sec)
```

{{< copyable "sql" >}}

```sql
select * from t1;
```

```
Empty set (0.00 sec)
```

#### Hash 分区对 NULL 的处理

在 Hash 分区中 NULL 值的处理有所不同，如果分区表达式的计算结果为 NULL，它会被当作 0 值处理。

{{< copyable "sql" >}}

```sql
CREATE TABLE th (
    c1 INT,
    c2 VARCHAR(20)
)

PARTITION BY HASH(c1)
PARTITIONS 2;
```

```
Query OK, 0 rows affected (0.00 sec)
```

{{< copyable "sql" >}}

```sql
INSERT INTO th VALUES (NULL, 'mothra'), (0, 'gigan');
```

```
Query OK, 2 rows affected (0.04 sec)
```

{{< copyable "sql" >}}

```sql
select * from th partition (p0);
```

```
+------|--------+
| c1   | c2     |
+------|--------+
| NULL | mothra |
|    0 | gigan  |
+------|--------+
2 rows in set (0.00 sec)
```

{{< copyable "sql" >}}

```sql
select * from th partition (p1);
```

```
Empty set (0.00 sec)
```

可以看到，插入的记录 `(NULL, 'mothra')` 跟 `(0, 'gigan')` 落在了同一个分区。

## 分区管理

通过 `ALTER TABLE` 语句可以执行一些添加、删除、合并、切分、重定义分区的操作。

### Range 分区管理

创建分区表：

{{< copyable "sql" >}}

```sql
CREATE TABLE members (
    id INT,
    fname VARCHAR(25),
    lname VARCHAR(25),
    dob DATE
)

PARTITION BY RANGE( YEAR(dob) ) (
    PARTITION p0 VALUES LESS THAN (1980),
    PARTITION p1 VALUES LESS THAN (1990),
    PARTITION p2 VALUES LESS THAN (2000)
);
```

删除分区：

{{< copyable "sql" >}}

```sql
ALTER TABLE members DROP PARTITION p2;
```

```
Query OK, 0 rows affected (0.03 sec)
```

清空分区：

{{< copyable "sql" >}}

```sql
ALTER TABLE members TRUNCATE PARTITION p1;
```

```
Query OK, 0 rows affected (0.03 sec)
```

> **注意：**
>
> `ALTER TABLE ... REORGANIZE PARTITION` 在 TiDB 中暂不支持。

添加分区：

{{< copyable "sql" >}}

```sql
ALTER TABLE members ADD PARTITION (PARTITION p3 VALUES LESS THAN (2010));
```

Range 分区中，`ADD PARTITION` 只能在分区列表的最后面添加，如果是添加到已存在的分区范围则会报错：

{{< copyable "sql" >}}

```sql
ALTER TABLE members
    ADD PARTITION (
    PARTITION n VALUES LESS THAN (1970));
```

```
ERROR 1463 (HY000): VALUES LESS THAN value must be strictly »
   increasing for each partition
```

### Hash 分区管理

跟 Range 分区不同，Hash 分区不能够 `DROP PARTITION`。

目前 TiDB 的实现暂时不支持 `ALTER TABLE ... COALESCE PARTITION`。

## 分区裁剪

有一个优化叫做“分区裁剪”，它基于一个非常简单的概念：不需要扫描那些匹配不上的分区。

假设创建一个分区表 `t1`：

{{< copyable "sql" >}}

```sql
CREATE TABLE t1 (
    fname VARCHAR(50) NOT NULL,
    lname VARCHAR(50) NOT NULL,
    region_code TINYINT UNSIGNED NOT NULL,
    dob DATE NOT NULL
)

PARTITION BY RANGE( region_code ) (
    PARTITION p0 VALUES LESS THAN (64),
    PARTITION p1 VALUES LESS THAN (128),
    PARTITION p2 VALUES LESS THAN (192),
    PARTITION p3 VALUES LESS THAN MAXVALUE
);
```

如果你想获得这个 select 语句的结果：

{{< copyable "sql" >}}

```sql
SELECT fname, lname, region_code, dob
    FROM t1
    WHERE region_code > 125 AND region_code < 130;
```

很显然，结果必然是在分区 `p1` 或者 `p2` 里面，也就是说，我们只需要在 `p1` 和 `p2` 里面去搜索匹配的行。去掉不必要的分区就是所谓的裁剪。优化器如果能裁剪掉一部分的分区，则执行会快于处理整个不做分区的表的相同查询。

优化器可以通过 where 条件裁剪的两个场景：

* partition_column = constant
* partition_column IN (constant1, constant2, ..., constantN)

## 分区选择

SELECT 语句中支持分区选择。实现通过使用一个 `PARTITION` 选项实现。

{{< copyable "sql" >}}

```sql
CREATE TABLE employees  (
    id INT NOT NULL AUTO_INCREMENT PRIMARY KEY,
    fname VARCHAR(25) NOT NULL,
    lname VARCHAR(25) NOT NULL,
    store_id INT NOT NULL,
    department_id INT NOT NULL
)

PARTITION BY RANGE(id)  (
    PARTITION p0 VALUES LESS THAN (5),
    PARTITION p1 VALUES LESS THAN (10),
    PARTITION p2 VALUES LESS THAN (15),
    PARTITION p3 VALUES LESS THAN MAXVALUE
);

INSERT INTO employees VALUES
    ('', 'Bob', 'Taylor', 3, 2), ('', 'Frank', 'Williams', 1, 2),
    ('', 'Ellen', 'Johnson', 3, 4), ('', 'Jim', 'Smith', 2, 4),
    ('', 'Mary', 'Jones', 1, 1), ('', 'Linda', 'Black', 2, 3),
    ('', 'Ed', 'Jones', 2, 1), ('', 'June', 'Wilson', 3, 1),
    ('', 'Andy', 'Smith', 1, 3), ('', 'Lou', 'Waters', 2, 4),
    ('', 'Jill', 'Stone', 1, 4), ('', 'Roger', 'White', 3, 2),
    ('', 'Howard', 'Andrews', 1, 2), ('', 'Fred', 'Goldberg', 3, 3),
    ('', 'Barbara', 'Brown', 2, 3), ('', 'Alice', 'Rogers', 2, 2),
    ('', 'Mark', 'Morgan', 3, 3), ('', 'Karen', 'Cole', 3, 2);
```

你可以查看存储在分区 `p1` 中的行：

{{< copyable "sql" >}}

```sql
SELECT * FROM employees PARTITION (p1);
```

```
+----|-------|--------|----------|---------------+
| id | fname | lname  | store_id | department_id |
+----|-------|--------|----------|---------------+
|  5 | Mary  | Jones  |        1 |             1 |
|  6 | Linda | Black  |        2 |             3 |
|  7 | Ed    | Jones  |        2 |             1 |
|  8 | June  | Wilson |        3 |             1 |
|  9 | Andy  | Smith  |        1 |             3 |
+----|-------|--------|----------|---------------+
5 rows in set (0.00 sec)
```

如果希望获得多个分区中的行，可以提供分区名的列表，用逗号隔开。例如，`SELECT * FROM employees PARTITION (p1, p2)` 返回分区 `p1` 和 `p2` 的所有行。

使用分区选择时，仍然可以使用 where 条件，以及 ORDER BY 和 LIMIT 等选项。使用 HAVING 和 GROUP BY 等聚合选项也是支持的。

{{< copyable "sql" >}}

```sql
SELECT * FROM employees PARTITION (p0, p2)
    WHERE lname LIKE 'S%';
```

```
+----|-------|-------|----------|---------------+
| id | fname | lname | store_id | department_id |
+----|-------|-------|----------|---------------+
|  4 | Jim   | Smith |        2 |             4 |
| 11 | Jill  | Stone |        1 |             4 |
+----|-------|-------|----------|---------------+
2 rows in set (0.00 sec)
```

{{< copyable "sql" >}}

```sql
SELECT id, CONCAT(fname, ' ', lname) AS name
    FROM employees PARTITION (p0) ORDER BY lname;
```

```
+----|----------------+
| id | name           |
+----|----------------+
|  3 | Ellen Johnson  |
|  4 | Jim Smith      |
|  1 | Bob Taylor     |
|  2 | Frank Williams |
+----|----------------+
4 rows in set (0.06 sec)
```

{{< copyable "sql" >}}

```sql
SELECT store_id, COUNT(department_id) AS c
    FROM employees PARTITION (p1,p2,p3)
    GROUP BY store_id HAVING c > 4;
```

```
+---|----------+
| c | store_id |
+---|----------+
| 5 |        2 |
| 5 |        3 |
+---|----------+
2 rows in set (0.00 sec)
```

分支选择支持所有类型的分区表，无论是 range 分区或是 hash 分区等。对于 hash 分区，如果没有指定分区名，会自动使用 `p0`、`p1`、`p2`、……、或 `pN-1` 作为分区名。

在 `INSERT ... SELECT` 的 `SELECT` 中也是可以使用分区选择的。

## 分区的约束和限制

本节介绍当前 TiDB 分区表的一些约束和限制。

### 分区键，主键和唯一键

本节讨论分区键，主键和唯一键之间的关系。一句话总结它们之间的关系要满足的规则：**分区表的每个唯一键，必须包含分区表达式中用到的所有列**。

> every unique key on the table must use every column in the table's partitioning expression.

这里所指的唯一也包含了主键，因为根据主键的定义，主键必须是唯一的。例如，下面这些建表语句就是无效的：

{{< copyable "sql" >}}

```sql
CREATE TABLE t1 (
    col1 INT NOT NULL,
    col2 DATE NOT NULL,
    col3 INT NOT NULL,
    col4 INT NOT NULL,
    UNIQUE KEY (col1, col2)
)

PARTITION BY HASH(col3)
PARTITIONS 4;

CREATE TABLE t2 (
    col1 INT NOT NULL,
    col2 DATE NOT NULL,
    col3 INT NOT NULL,
    col4 INT NOT NULL,
    UNIQUE KEY (col1),
    UNIQUE KEY (col3)
)

PARTITION BY HASH(col1 + col3)
PARTITIONS 4;
```

它们都是有唯一键但没有包含所有分区键的。

下面是一些合法的语句的例子：

{{< copyable "sql" >}}

```sql
CREATE TABLE t1 (
    col1 INT NOT NULL,
    col2 DATE NOT NULL,
    col3 INT NOT NULL,
    col4 INT NOT NULL,
    UNIQUE KEY (col1, col2, col3)
)

PARTITION BY HASH(col3)
PARTITIONS 4;

CREATE TABLE t2 (
    col1 INT NOT NULL,
    col2 DATE NOT NULL,
    col3 INT NOT NULL,
    col4 INT NOT NULL,
    UNIQUE KEY (col1, col3)
)

PARTITION BY HASH(col1 + col3)
PARTITIONS 4;
```

下例中会产生一个报错：

{{< copyable "sql" >}}

```sql
CREATE TABLE t3 (
    col1 INT NOT NULL,
    col2 DATE NOT NULL,
    col3 INT NOT NULL,
    col4 INT NOT NULL,
    UNIQUE KEY (col1, col2),
    UNIQUE KEY (col3)
)

PARTITION BY HASH(col1 + col3)
    PARTITIONS 4;
```

```
ERROR 1491 (HY000): A PRIMARY KEY must include all columns in the table's partitioning function
```

原因是 `col1` 和 `col3` 出现在分区键中，但是几个唯一键定义并没有完全包含它们。

下面这个表就没法做分区了，因为无论如何都不可能找到满足条件的分区键：

{{< copyable "sql" >}}

```sql
CREATE TABLE t4 (
    col1 INT NOT NULL,
    col2 INT NOT NULL,
    col3 INT NOT NULL,
    col4 INT NOT NULL,
    UNIQUE KEY (col1, col3),
    UNIQUE KEY (col2, col4)
);
```

根据定义，主键也是唯一键，下面两个建表语句是无效的：

{{< copyable "sql" >}}

```sql
CREATE TABLE t5 (
    col1 INT NOT NULL,
    col2 DATE NOT NULL,
    col3 INT NOT NULL,
    col4 INT NOT NULL,
    PRIMARY KEY(col1, col2)
)

PARTITION BY HASH(col3)
PARTITIONS 4;

CREATE TABLE t6 (
    col1 INT NOT NULL,
    col2 DATE NOT NULL,
    col3 INT NOT NULL,
    col4 INT NOT NULL,
    PRIMARY KEY(col1, col3),
    UNIQUE KEY(col2)
)

PARTITION BY HASH( YEAR(col2) )
PARTITIONS 4;
```

两个例子中，主键都没有包含分区表达式中的全部的列。

如果既没有主键，也没有唯一键，则不存在这个限制。

DDL 变更时，添加唯一索引也需要考虑到这个限制。比如创建了这样一个表：

{{< copyable "sql" >}}

```sql
CREATE TABLE t_no_pk (c1 INT, c2 INT)
    PARTITION BY RANGE(c1) (
        PARTITION p0 VALUES LESS THAN (10),
        PARTITION p1 VALUES LESS THAN (20),
        PARTITION p2 VALUES LESS THAN (30),
        PARTITION p3 VALUES LESS THAN (40)
    );
```

```
Query OK, 0 rows affected (0.12 sec)
```

通过 `ALTER TABLE` 添加非唯一索引是可以的。但是添加唯一索引时，唯一索引里面必须包含 `c1` 列。

### 关于函数的分区限制

只有以下函数可以用于分区表达式：

```
ABS()
CEILING() (see CEILING() and FLOOR())
DATEDIFF()
DAY()
DAYOFMONTH()
DAYOFWEEK()
DAYOFYEAR()
EXTRACT() (see EXTRACT() function with WEEK specifier)
FLOOR() (see CEILING() and FLOOR())
HOUR()
MICROSECOND()
MINUTE()
MOD()
MONTH()
QUARTER()
SECOND()
TIME_TO_SEC()
TO_DAYS()
TO_SECONDS()
UNIX_TIMESTAMP() (with TIMESTAMP columns)
WEEKDAY()
YEAR()
YEARWEEK()
```

### 兼容性

目前 TiDB 里面只实现了 Range 分区和 Hash 分区，其它的 MySQL 分区类型比如 List 分区和 Key 分区尚不支持。

对于 Range Columns 类型的分区表，目前只支持单列的场景。

分区管理方面，只要底层实现可能会涉及数据挪到的操作，目前都暂不支持。包括且不限于：调整 Hash 分区表的分区数量，修改 Range 分区表的范围，合并分区，交换分区等。

对于暂不支持的分区类型，在 TiDB 中建表时会忽略分区信息，以普通表的形式创建，并且会报 Warning。

INFORMATION_SCHEMA.PARTITION 表暂不支持。

Load Data 暂时不支持分区选择。

{{< copyable "sql" >}}

```sql
create table t (id int, val int) partition by hash(id) partitions 4;
```

普通的 Load Data 操作在 TiDB 中是支持的，如下：

{{< copyable "sql" >}}

```sql
load local data infile "xxx" into t ...
```

但 Load Data 不支持分区选择操作：

{{< copyable "sql" >}}

```sql
load local data infile "xxx" into t partition (p1)...
```

对于分区表，`select * from t` 的返回结果是分区之间无序的。这跟 MySQL 不同，MySQL 的返回结果是分区之间有序，分区内部无序。

{{< copyable "sql" >}}

```sql
create table t (id int, val int) partition by range (id) (
    partition p0 values less than (3),
    partition p1 values less than (7),
    partition p2 values less than (11));
```

```
Query OK, 0 rows affected (0.10 sec)
```

{{< copyable "sql" >}}

```sql
insert into t values (1, 2), (3, 4),(5, 6),(7,8),(9,10);
```

```
Query OK, 5 rows affected (0.01 sec)
Records: 5  Duplicates: 0  Warnings: 0
```

TiDB 每次返回结果会不同，例如：

{{< copyable "sql" >}}

```
select * from t;
```

```
+------|------+
| id   | val  |
+------|------+
|    7 |    8 |
|    9 |   10 |
|    1 |    2 |
|    3 |    4 |
|    5 |    6 |
+------|------+
5 rows in set (0.00 sec)
```

MySQL 的返回结果：

{{< copyable "sql" >}}

```
select * from t;
```

```
+------|------+
| id   | val  |
+------|------+
|    1 |    2 |
|    3 |    4 |
|    5 |    6 |
|    7 |    8 |
|    9 |   10 |
+------|------+
5 rows in set (0.00 sec)
```
