---
title: REPLACE | TiDB SQL 语句参考
summary: TiDB 数据库中 REPLACE 的使用概览。
---

# REPLACE

`REPLACE` 语句在语义上是一个组合的 `DELETE`+`INSERT` 语句。它可以用来简化应用程序代码。

## 语法图

```ebnf+diagram
ReplaceIntoStmt ::=
    'REPLACE' PriorityOpt IntoOpt TableName PartitionNameListOpt InsertValues

PriorityOpt ::=
    ( 'LOW_PRIORITY' | 'HIGH_PRIORITY' | 'DELAYED' )?

IntoOpt ::= 'INTO'?

TableName ::=
    Identifier ( '.' Identifier )?

PartitionNameListOpt ::=
    ( 'PARTITION' '(' Identifier ( ',' Identifier )* ')' )?

InsertValues ::=
    '(' ( ColumnNameListOpt ')' ( ValueSym ValuesList | SelectStmt | '(' SelectStmt ')' | UnionStmt ) | SelectStmt ')' )
|   ValueSym ValuesList
|   SelectStmt
|   UnionStmt
|   'SET' ColumnSetValue? ( ',' ColumnSetValue )*
```

> **注意：**
>
> 从 v6.6.0 开始，TiDB 支持[资源控制](/tidb-resource-control.md)。你可以使用此功能在不同的资源组中以不同的优先级执行 SQL 语句。通过为这些资源组配置适当的配额和优先级，你可以更好地控制不同优先级 SQL 语句的调度。当启用资源控制时，语句优先级（`PriorityOpt`）将不再生效。建议你使用[资源控制](/tidb-resource-control.md)来管理不同 SQL 语句的资源使用。

## 示例

```sql
mysql> CREATE TABLE t1 (id INT NOT NULL PRIMARY KEY AUTO_INCREMENT, c1 INT NOT NULL);
Query OK, 0 rows affected (0.12 sec)

mysql> INSERT INTO t1 (c1) VALUES (1), (2), (3);
Query OK, 3 rows affected (0.02 sec)
Records: 3  Duplicates: 0  Warnings: 0

mysql> SELECT * FROM t1;
+----+----+
| id | c1 |
+----+----+
|  1 |  1 |
|  2 |  2 |
|  3 |  3 |
+----+----+
3 rows in set (0.00 sec)

mysql> REPLACE INTO t1 (id, c1) VALUES(3, 99);
Query OK, 2 rows affected (0.01 sec)

mysql> SELECT * FROM t1;
+----+----+
| id | c1 |
+----+----+
|  1 |  1 |
|  2 |  2 |
|  3 | 99 |
+----+----+
3 rows in set (0.00 sec)
```

## MySQL 兼容性

TiDB 中的 `REPLACE` 语句与 MySQL 完全兼容。如果发现任何兼容性差异，请[报告问题](https://docs.pingcap.com/tidb/stable/support)。

## 另请参阅

* [DELETE](/sql-statements/sql-statement-delete.md)
* [INSERT](/sql-statements/sql-statement-insert.md)
* [SELECT](/sql-statements/sql-statement-select.md)
* [UPDATE](/sql-statements/sql-statement-update.md)
