---
title: ALTER TABLE | TiDB SQL Statement Reference
summary: An overview of the usage of ALTER TABLE for the TiDB database.
aliases: ['/docs/dev/sql-statements/sql-statement-alter-table/','/docs/dev/reference/sql/statements/alter-table/']
---

# ALTER TABLE

This statement modifies an existing table to conform to a new table structure. The statement `ALTER TABLE` can be used to:

* [`ADD`](/sql-statements/sql-statement-add-index.md), [`DROP`](/sql-statements/sql-statement-drop-index.md), or [`RENAME`](/sql-statements/sql-statement-rename-index.md) indexes
* [`ADD`](/sql-statements/sql-statement-add-column.md), [`DROP`](/sql-statements/sql-statement-drop-column.md), [`MODIFY`](/sql-statements/sql-statement-modify-column.md) or [`CHANGE`](/sql-statements/sql-statement-change-column.md) columns

## Synopsis

**AlterTableStmt:**

![AlterTableStmt](/media/sqlgram/AlterTableStmt.png)

**TableName:**

![TableName](/media/sqlgram/TableName.png)

**AlterTableSpec:**

![AlterTableSpec](/media/sqlgram/AlterTableSpec.png)

## Examples

```sql
mysql> CREATE TABLE t1 (id INT NOT NULL PRIMARY KEY AUTO_INCREMENT, c1 INT NOT NULL);
Query OK, 0 rows affected (0.11 sec)

mysql> INSERT INTO t1 (c1) VALUES (1),(2),(3),(4),(5);
Query OK, 5 rows affected (0.03 sec)
Records: 5  Duplicates: 0  Warnings: 0

mysql> EXPLAIN SELECT * FROM t1 WHERE c1 = 3;
+-------------------------+----------+-----------+---------------+--------------------------------+
| id                      | estRows  | task      | access object | operator info                  |
+-------------------------+----------+-----------+---------------+--------------------------------+
| TableReader_7           | 10.00    | root      |               | data:Selection_6               |
| └─Selection_6           | 10.00    | cop[tikv] |               | eq(test.t1.c1, 3)              |
|   └─TableFullScan_5     | 10000.00 | cop[tikv] | table:t1      | keep order:false, stats:pseudo |
+-------------------------+----------+-----------+---------------+--------------------------------+
3 rows in set (0.00 sec)

mysql> ALTER TABLE t1 ADD INDEX (c1);
Query OK, 0 rows affected (0.30 sec)

mysql> EXPLAIN SELECT * FROM t1 WHERE c1 = 3;
+------------------------+---------+-----------+------------------------+---------------------------------------------+
| id                     | estRows | task      | access object          | operator info                               |
+------------------------+---------+-----------+------------------------+---------------------------------------------+
| IndexReader_6          | 10.00   | root      |                        | index:IndexRangeScan_5                      |
| └─IndexRangeScan_5     | 10.00   | cop[tikv] | table:t1, index:c1(c1) | range:[3,3], keep order:false, stats:pseudo |
+------------------------+---------+-----------+------------------------+---------------------------------------------+
2 rows in set (0.00 sec)
```

## MySQL compatibility

* All of the data types except spatial types are supported. For other unsupported cases, refer to: [compatibility of DDL statements with MySQL](/mysql-compatibility.md#ddl).

## See also

* [ADD COLUMN](/sql-statements/sql-statement-add-column.md)
* [DROP COLUMN](/sql-statements/sql-statement-drop-column.md)
* [ADD INDEX](/sql-statements/sql-statement-add-index.md)
* [DROP INDEX](/sql-statements/sql-statement-drop-index.md)
* [RENAME INDEX](/sql-statements/sql-statement-rename-index.md)
* [ALTER INDEX](/sql-statements/sql-statement-alter-index.md)
* [CREATE TABLE](/sql-statements/sql-statement-create-table.md)
* [DROP TABLE](/sql-statements/sql-statement-drop-table.md)
* [SHOW CREATE TABLE](/sql-statements/sql-statement-show-create-table.md)
